{
  "train_loss": [
    3.6449777381173494,
    3.3032435760122216,
    3.2101884551823434,
    2.916127241303768,
    2.6448226497678333,
    2.4700677805933458,
    2.3187036678708832,
    2.1870539658175314,
    2.0818129190670445,
    1.9816213758120984,
    1.884931693817007,
    1.8040763773941642,
    1.7254517633339455,
    1.6696170524423346,
    1.6100153277073,
    1.5679757239783338,
    1.5455761701602655,
    1.5174549430461939,
    1.4967843681720678,
    1.4887805989223162
  ],
  "val_loss": [
    3.2446379437263833,
    3.1677463536478503,
    3.1502627246471233,
    2.8051735424413913,
    2.706474746145853,
    2.666705836817778,
    2.6133544428423305,
    2.6278655745011172,
    2.6240271159580777,
    2.6217634187758176,
    2.620857620903839,
    2.6139833852389134,
    2.6256858297341377,
    2.6376989818200833,
    2.629730583483334,
    2.6245558436323955,
    2.6315046735756904,
    2.6287382911722004,
    2.627032271660994,
    2.626121386418359
  ],
  "train_f1": [
    0.16954758968818892,
    0.2466783191478658,
    0.2753618965091421,
    0.35178932515707967,
    0.42658218981213947,
    0.4750609033409188,
    0.5186977754956689,
    0.5597350971296224,
    0.5927525037703614,
    0.626471770166276,
    0.663026951977725,
    0.6899631055178094,
    0.7212677423506454,
    0.7401681383910005,
    0.7623324487161451,
    0.7810068452631779,
    0.788682244296104,
    0.8007638793483038,
    0.812186043253088,
    0.8139576829991794
  ],
  "val_f1": [
    0.26199254415728535,
    0.2952507899861442,
    0.29589825500873906,
    0.38933800655413364,
    0.41913856865762156,
    0.42785104778034394,
    0.4520764081837572,
    0.4529209372155746,
    0.45313817559167624,
    0.45668841838125457,
    0.4680572143405409,
    0.47170905950419123,
    0.4680612921966004,
    0.4684054141147606,
    0.47521838394710697,
    0.47621849731923804,
    0.47422643405157294,
    0.47559404765785823,
    0.47755489034490917,
    0.47738490835656083
  ]
}